{"r2": 0.5910935933617805, "mae": 30.22833264971288, "_wandb": {"runtime": 23}}