{"r2": 0.5733748065770758, "mae": 30.355925963904838, "_wandb": {"runtime": 42}}