{"r2": 0.5731867563876871, "mae": 30.39109926168991, "_wandb": {"runtime": 24}}