{"r2": 0.5924601606442016, "mae": 30.21489745693191, "_wandb": {"runtime": 45}}